slide,image_index,output_file,media_file,shape_name,description
1,1,slide001/01_Screenshot_192.jpeg,ppt/media/image3.jpeg,Picture 1,Screenshot_192.jpg
2,1,slide002/01_Screenshot_193.jpeg,ppt/media/image4.jpeg,Picture 1,Screenshot_193.jpg
3,1,slide003/01_Screenshot_194.jpeg,ppt/media/image5.jpeg,Picture 1,Screenshot_194.jpg
4,1,slide004/01_Screenshot_195.jpeg,ppt/media/image6.jpeg,Picture 1,Screenshot_195.jpg
5,1,slide005/01_Screenshot_196.jpeg,ppt/media/image7.jpeg,Picture 1,Screenshot_196.jpg
6,1,slide006/01_Screenshot_197.jpeg,ppt/media/image8.jpeg,Picture 1,Screenshot_197.jpg
7,1,slide007/01_Screenshot_198.jpeg,ppt/media/image9.jpeg,Picture 1,Screenshot_198.jpg
8,1,slide008/01_Screenshot_199.jpeg,ppt/media/image10.jpeg,Picture 1,Screenshot_199.jpg
9,1,slide009/01_Screenshot_200.jpeg,ppt/media/image11.jpeg,Picture 1,Screenshot_200.jpg
10,1,slide010/01_Screenshot_201.jpeg,ppt/media/image12.jpeg,Picture 1,Screenshot_201.jpg
11,1,slide011/01_Screenshot_202.jpeg,ppt/media/image13.jpeg,Picture 1,Screenshot_202.jpg
12,1,slide012/01_Screenshot_203.jpeg,ppt/media/image14.jpeg,Picture 1,Screenshot_203.jpg
13,1,slide013/01_Screenshot_204.jpeg,ppt/media/image15.jpeg,Picture 1,Screenshot_204.jpg
14,1,slide014/01_Screenshot_205.jpeg,ppt/media/image16.jpeg,Picture 1,Screenshot_205.jpg
15,1,slide015/01_Screenshot_206.jpeg,ppt/media/image17.jpeg,Picture 1,Screenshot_206.jpg
16,1,slide016/01_Screenshot_207.jpeg,ppt/media/image18.jpeg,Picture 1,Screenshot_207.jpg
17,1,slide017/01_Screenshot_208.jpeg,ppt/media/image19.jpeg,Picture 1,Screenshot_208.jpg
18,1,slide018/01_Screenshot_209.jpeg,ppt/media/image20.jpeg,Picture 1,Screenshot_209.jpg
19,1,slide019/01_Screenshot_210.jpeg,ppt/media/image21.jpeg,Picture 1,Screenshot_210.jpg
20,1,slide020/01_Screenshot_211.jpeg,ppt/media/image22.jpeg,Picture 1,Screenshot_211.jpg
21,1,slide021/01_Screenshot_212.jpeg,ppt/media/image23.jpeg,Picture 1,Screenshot_212.jpg
22,1,slide022/01_Screenshot_213.jpeg,ppt/media/image24.jpeg,Picture 1,Screenshot_213.jpg
23,1,slide023/01_Screenshot_214.jpeg,ppt/media/image25.jpeg,Picture 1,Screenshot_214.jpg
24,1,slide024/01_Screenshot_215.jpeg,ppt/media/image26.jpeg,Picture 1,Screenshot_215.jpg
25,1,slide025/01_Screenshot_216.jpeg,ppt/media/image27.jpeg,Picture 1,Screenshot_216.jpg
26,1,slide026/01_Screenshot_217.jpeg,ppt/media/image28.jpeg,Picture 1,Screenshot_217.jpg
27,1,slide027/01_Screenshot_218.jpeg,ppt/media/image29.jpeg,Picture 1,Screenshot_218.jpg
28,1,slide028/01_Screenshot_219.jpeg,ppt/media/image30.jpeg,Picture 1,Screenshot_219.jpg
29,1,slide029/01_Screenshot_220.jpeg,ppt/media/image31.jpeg,Picture 1,Screenshot_220.jpg
30,1,slide030/01_Screenshot_221.jpeg,ppt/media/image32.jpeg,Picture 1,Screenshot_221.jpg
31,1,slide031/01_Screenshot_222.jpeg,ppt/media/image33.jpeg,Picture 1,Screenshot_222.jpg
32,1,slide032/01_Screenshot_223.jpeg,ppt/media/image34.jpeg,Picture 1,Screenshot_223.jpg
33,1,slide033/01_Screenshot_224.jpeg,ppt/media/image35.jpeg,Picture 1,Screenshot_224.jpg
34,1,slide034/01_Screenshot_225.jpeg,ppt/media/image36.jpeg,Picture 1,Screenshot_225.jpg
35,1,slide035/01_Screenshot_226.jpeg,ppt/media/image37.jpeg,Picture 1,Screenshot_226.jpg
36,1,slide036/01_Screenshot_227.jpeg,ppt/media/image38.jpeg,Picture 1,Screenshot_227.jpg
37,1,slide037/01_Screenshot_228.jpeg,ppt/media/image39.jpeg,Picture 1,Screenshot_228.jpg
38,1,slide038/01_Screenshot_229.jpeg,ppt/media/image40.jpeg,Picture 1,Screenshot_229.jpg
39,1,slide039/01_Screenshot_230.jpeg,ppt/media/image41.jpeg,Picture 1,Screenshot_230.jpg
40,1,slide040/01_Screenshot_231.jpeg,ppt/media/image42.jpeg,Picture 1,Screenshot_231.jpg
41,1,slide041/01_Screenshot_232.jpeg,ppt/media/image43.jpeg,Picture 1,Screenshot_232.jpg
42,1,slide042/01_Screenshot_233.jpeg,ppt/media/image44.jpeg,Picture 1,Screenshot_233.jpg
43,1,slide043/01_Screenshot_234.jpeg,ppt/media/image45.jpeg,Picture 1,Screenshot_234.jpg
44,1,slide044/01_Screenshot_235.jpeg,ppt/media/image46.jpeg,Picture 1,Screenshot_235.jpg
45,1,slide045/01_Screenshot_236.jpeg,ppt/media/image47.jpeg,Picture 1,Screenshot_236.jpg
46,1,slide046/01_Screenshot_237.jpeg,ppt/media/image48.jpeg,Picture 1,Screenshot_237.jpg
47,1,slide047/01_Screenshot_238.jpeg,ppt/media/image49.jpeg,Picture 1,Screenshot_238.jpg
48,1,slide048/01_Screenshot_239.jpeg,ppt/media/image50.jpeg,Picture 1,Screenshot_239.jpg
49,1,slide049/01_Screenshot_240.jpeg,ppt/media/image51.jpeg,Picture 1,Screenshot_240.jpg
50,1,slide050/01_Screenshot_241.jpeg,ppt/media/image52.jpeg,Picture 1,Screenshot_241.jpg
51,1,slide051/01_Screenshot_242.jpeg,ppt/media/image53.jpeg,Picture 1,Screenshot_242.jpg
52,1,slide052/01_Screenshot_243.jpeg,ppt/media/image54.jpeg,Picture 1,Screenshot_243.jpg
53,1,slide053/01_Screenshot_244.jpeg,ppt/media/image55.jpeg,Picture 1,Screenshot_244.jpg
54,1,slide054/01_Screenshot_245.jpeg,ppt/media/image56.jpeg,Picture 1,Screenshot_245.jpg
55,1,slide055/01_Screenshot_246.jpeg,ppt/media/image57.jpeg,Picture 1,Screenshot_246.jpg
56,1,slide056/01_Screenshot_247.jpeg,ppt/media/image58.jpeg,Picture 1,Screenshot_247.jpg
57,1,slide057/01_Screenshot_248.jpeg,ppt/media/image59.jpeg,Picture 1,Screenshot_248.jpg
58,1,slide058/01_Screenshot_249.jpeg,ppt/media/image60.jpeg,Picture 1,Screenshot_249.jpg
59,1,slide059/01_Screenshot_250.jpeg,ppt/media/image61.jpeg,Picture 1,Screenshot_250.jpg
60,1,slide060/01_Screenshot_251.jpeg,ppt/media/image62.jpeg,Picture 1,Screenshot_251.jpg
61,1,slide061/01_Screenshot_252.jpeg,ppt/media/image63.jpeg,Picture 1,Screenshot_252.jpg
62,1,slide062/01_Screenshot_253.jpeg,ppt/media/image64.jpeg,Picture 1,Screenshot_253.jpg
63,1,slide063/01_Screenshot_254.jpeg,ppt/media/image65.jpeg,Picture 1,Screenshot_254.jpg
64,1,slide064/01_Screenshot_255.jpeg,ppt/media/image66.jpeg,Picture 1,Screenshot_255.jpg
65,1,slide065/01_Screenshot_256.jpeg,ppt/media/image67.jpeg,Picture 1,Screenshot_256.jpg
66,1,slide066/01_Screenshot_257.jpeg,ppt/media/image68.jpeg,Picture 1,Screenshot_257.jpg
67,1,slide067/01_Screenshot_258.jpeg,ppt/media/image69.jpeg,Picture 1,Screenshot_258.jpg
68,1,slide068/01_Screenshot_259.jpeg,ppt/media/image70.jpeg,Picture 1,Screenshot_259.jpg
69,1,slide069/01_Screenshot_260.jpeg,ppt/media/image71.jpeg,Picture 1,Screenshot_260.jpg
70,1,slide070/01_Screenshot_261.jpeg,ppt/media/image72.jpeg,Picture 1,Screenshot_261.jpg
71,1,slide071/01_Screenshot_262.jpeg,ppt/media/image73.jpeg,Picture 1,Screenshot_262.jpg
72,1,slide072/01_Screenshot_453.jpeg,ppt/media/image74.jpeg,Picture 1,Screenshot_453.jpg
73,1,slide073/01_Screenshot_454.jpeg,ppt/media/image75.jpeg,Picture 1,Screenshot_454.jpg
74,1,slide074/01_Screenshot_455.jpeg,ppt/media/image76.jpeg,Picture 1,Screenshot_455.jpg
75,1,slide075/01_Screenshot_456.jpeg,ppt/media/image77.jpeg,Picture 1,Screenshot_456.jpg
76,1,slide076/01_Screenshot_457.jpeg,ppt/media/image78.jpeg,Picture 1,Screenshot_457.jpg
77,1,slide077/01_Screenshot_458.jpeg,ppt/media/image79.jpeg,Picture 1,Screenshot_458.jpg
78,1,slide078/01_Screenshot_459.jpeg,ppt/media/image80.jpeg,Picture 1,Screenshot_459.jpg
79,1,slide079/01_Screenshot_460.jpeg,ppt/media/image81.jpeg,Picture 1,Screenshot_460.jpg
80,1,slide080/01_Screenshot_461.jpeg,ppt/media/image82.jpeg,Picture 1,Screenshot_461.jpg
81,1,slide081/01_Screenshot_462.jpeg,ppt/media/image83.jpeg,Picture 1,Screenshot_462.jpg
82,1,slide082/01_Screenshot_463.jpeg,ppt/media/image84.jpeg,Picture 1,Screenshot_463.jpg
83,1,slide083/01_Screenshot_464.jpeg,ppt/media/image85.jpeg,Picture 1,Screenshot_464.jpg
84,1,slide084/01_Screenshot_465.jpeg,ppt/media/image86.jpeg,Picture 1,Screenshot_465.jpg
85,1,slide085/01_Screenshot_466.jpeg,ppt/media/image87.jpeg,Picture 1,Screenshot_466.jpg
86,1,slide086/01_Screenshot_467.jpeg,ppt/media/image88.jpeg,Picture 1,Screenshot_467.jpg
87,1,slide087/01_Screenshot_468.jpeg,ppt/media/image89.jpeg,Picture 1,Screenshot_468.jpg
88,1,slide088/01_Screenshot_469.jpeg,ppt/media/image90.jpeg,Picture 1,Screenshot_469.jpg
